Ein Yaakov,0,0,1,0,0,0,ברכות,0,1,Berakhot
Ein Yaakov,0,0,2,0,0,0,שבת,0,1,Shabbat
Ein Yaakov,0,0,3,0,0,0,עירובין,0,1,Eruvin
Ein Yaakov,0,0,4,0,0,0,פסחים,0,1,Pesachim
Ein Yaakov,0,0,5,0,0,0,יומא,0,1,Yoma
Ein Yaakov,0,0,6,0,0,0,סוכה,0,1,Sukkah
Ein Yaakov,0,0,7,0,0,0,ביצה,0,1,Beitzah
Ein Yaakov,0,0,8,0,0,0,ראש השנה,0,1,Rosh Hashanah
Ein Yaakov,0,0,9,0,0,0,מגילה,0,1,Megillah
Ein Yaakov,0,0,10,0,0,0,תענית,0,1,Taanit
Ein Yaakov,0,0,11,0,0,0,מועד קטן,0,1,Moed Katan
Ein Yaakov,0,0,12,0,0,0,חגיגה,0,1,Chagigah
Ein Yaakov,0,0,13,0,0,0,יבמות,0,1,Yevamot
Ein Yaakov,0,0,14,0,0,0,כתובות,0,1,Ketubot
Ein Yaakov,0,0,15,0,0,0,נדרים,0,1,Nedarim
Ein Yaakov,0,0,16,0,0,0,נזיר,0,1,Nazir
Ein Yaakov,0,0,17,0,0,0,גיטין,0,1,Gittin
Ein Yaakov,0,0,18,0,0,0,סוטה,0,1,Sotah
Ein Yaakov,0,0,19,0,0,0,קידושין,0,1,Kiddushin
Ein Yaakov,0,0,20,0,0,0,בבא קמה,0,1,Bava Kamma
Ein Yaakov,0,0,21,0,0,0,בבא מציעה,0,1,Bava Metzia
Ein Yaakov,0,0,22,0,0,0,בבא בתרא,0,1,Bava Batra
Ein Yaakov,0,0,23,0,0,0,סנהדרין,0,1,Sanhedrin
Ein Yaakov,0,0,24,0,0,0,מכות,0,1,Makkot
Ein Yaakov,0,0,25,0,0,0,שבועות,0,1,Shevuot
Ein Yaakov,0,0,26,0,0,0,עדיות,0,1,Eduyot
Ein Yaakov,0,0,27,0,0,0,עבודה זרה,0,1,Avodah Zarah
Ein Yaakov,0,0,28,0,0,0,הוריות,0,1,Horayot
Ein Yaakov,0,0,29,0,0,0,זבחים,0,1,Zevachim
Ein Yaakov,0,0,30,0,0,0,מנחות,0,1,Menachot
Ein Yaakov,0,0,31,0,0,0,חולין,0,1,Chullin
Ein Yaakov,0,0,32,0,0,0,בכורות,0,1,Bekhorot
Ein Yaakov,0,0,33,0,0,0,ערכין,0,1,Arakhin
Ein Yaakov,0,0,34,0,0,0,תמורה,0,1,Temurah
Ein Yaakov,0,0,35,0,0,0,כריתות,0,1,Keritot
Ein Yaakov,0,0,36,0,0,0,מעילה,0,1,Meilah
Ein Yaakov,0,0,37,0,0,0,תמיד,0,1,Tamid
Ein Yaakov,0,0,38,0,0,0,קינים,0,1,Kinnim
Ein Yaakov,0,0,39,0,0,0,כלים,0,1,Kelim
Ein Yaakov,0,0,40,0,0,0,נגעים,0,1,Negaim
Ein Yaakov,0,0,41,0,0,0,נדה,0,1,Niddah
Ein Yaakov,0,0,42,0,0,0,ידים,0,1,Yadayim
Ein Yaakov,0,0,43,0,0,0,עוקצים,0,1,Oktzin
Ein Yaakov,0,0,44,0,0,0,מידות,0,1,Middot
Ein Yaakov (Glick Edition),0,0,1,0,0,0,ברכות,0,1,Berakhot
Ein Yaakov (Glick Edition),0,0,2,0,0,0,שבת,0,1,Shabbat
Ein Yaakov (Glick Edition),0,0,3,0,0,0,עירובין,0,1,Eruvin
Ein Yaakov (Glick Edition),0,0,4,0,0,0,פסחים,0,1,Pesachim
Ein Yaakov (Glick Edition),0,0,5,0,0,0,יומא,0,1,Yoma
Ein Yaakov (Glick Edition),0,0,6,0,0,0,סוכה,0,1,Sukkah
Ein Yaakov (Glick Edition),0,0,7,0,0,0,ביצה,0,1,Beitzah
Ein Yaakov (Glick Edition),0,0,8,0,0,0,ראש השנה,0,1,Rosh Hashanah
Ein Yaakov (Glick Edition),0,0,9,0,0,0,תענית,0,1,Taanit
Ein Yaakov (Glick Edition),0,0,10,0,0,0,מגילה,0,1,Megillah
Ein Yaakov (Glick Edition),0,0,11,0,0,0,מועד קטן,0,1,Moed Katan
Ein Yaakov (Glick Edition),0,0,12,0,0,0,חגיגה,0,1,Chagigah
Ein Yaakov (Glick Edition),0,0,13,0,0,0,יבמות,0,1,Yevamot
Ein Yaakov (Glick Edition),0,0,14,0,0,0,כתובות,0,1,Ketubot
Ein Yaakov (Glick Edition),0,0,15,0,0,0,נדרים,0,1,Nedarim
Ein Yaakov (Glick Edition),0,0,16,0,0,0,נזיר,0,1,Nazir
Ein Yaakov (Glick Edition),0,0,17,0,0,0,גיטין,0,1,Gittin
Ein Yaakov (Glick Edition),0,0,18,0,0,0,סוטה,0,1,Sotah
Ein Yaakov (Glick Edition),0,0,19,0,0,0,קידושין,0,1,Kiddushin
Ein Yaakov (Glick Edition),0,0,20,0,0,0,בבא קמה,0,1,Bava Kamma
Ein Yaakov (Glick Edition),0,0,21,0,0,0,בבא מציעה,0,1,Bava Metzia
Ein Yaakov (Glick Edition),0,0,22,0,0,0,בבא בתרא,0,1,Bava Batra
Ein Yaakov (Glick Edition),0,0,23,0,0,0,סנהדרין,0,1,Sanhedrin
Ein Yaakov (Glick Edition),0,0,24,0,0,0,מכות,0,1,Makkot
Ein Yaakov (Glick Edition),0,0,25,0,0,0,שבועות,0,1,Shevuot
Ein Yaakov (Glick Edition),0,0,26,0,0,0,עדיות,0,1,Eduyot
Ein Yaakov (Glick Edition),0,0,27,0,0,0,עבודה זרה,0,1,Avodah Zarah
Ein Yaakov (Glick Edition),0,0,28,0,0,0,הוריות,0,1,Horayot
Ein Yaakov (Glick Edition),0,0,29,0,0,0,זבחים,0,1,Zevachim
Ein Yaakov (Glick Edition),0,0,30,0,0,0,מנחות,0,1,Menachot
Ein Yaakov (Glick Edition),0,0,31,0,0,0,חולין,0,1,Chullin
Pesach Haggadah,0,1,0,0,0,0,קדש,0,0,Kadesh
Pesach Haggadah,0,2,0,0,0,0,ורחץ,0,0,U'Rechatz
Pesach Haggadah,0,3,0,0,0,0,כרפס,0,0,Karpas
Pesach Haggadah,0,4,0,0,0,0,יחץ,0,0,Yachatz
Pesach Haggadah,0,5,0,0,0,0,מגיד,0,0,Maggid
Pesach Haggadah,0,6,0,0,0,0,רחצה,0,0,Rachzah
Pesach Haggadah,0,7,0,0,0,0,מוציא מצה,0,0,Motzi Matzah
Pesach Haggadah,0,8,0,0,0,0,מרור,0,0,Marror
Pesach Haggadah,0,9,0,0,0,0,כורך,0,0,Korech
Pesach Haggadah,0,10,0,0,0,0,שלחן עורך,0,0,Shachan Orech
Pesach Haggadah,0,11,0,0,0,0,צפון,0,0,Tzafun
Pesach Haggadah,0,12,0,0,0,0,ברך,0,0,Barech
Pesach Haggadah,0,13,0,0,0,0,הלל,0,0,Hallel
Pesach Haggadah,0,14,0,0,0,0,נרצה,0,0,Nerztah
Ephod Bad on Pesach Haggadah,0,0,1,0,0,0,קדש,0,0,Kadesh
Ephod Bad on Pesach Haggadah,0,0,2,0,0,0,ורחץ,0,0,U'Rechatz
Ephod Bad on Pesach Haggadah,0,0,3,0,0,0,כרפס,0,0,Karpas
Ephod Bad on Pesach Haggadah,0,0,4,0,0,0,יחץ,0,0,Yachatz
Ephod Bad on Pesach Haggadah,0,0,5,0,0,0,מגיד,0,0,Maggid
Ephod Bad on Pesach Haggadah,0,0,6,0,0,0,רחצה,0,0,Rachzah
Ephod Bad on Pesach Haggadah,0,0,7,0,0,0,מוציא מצה,0,0,Motzi Matzah
Ephod Bad on Pesach Haggadah,0,0,8,0,0,0,מרור,0,0,Marror
Ephod Bad on Pesach Haggadah,0,0,9,0,0,0,כורך,0,0,Korech
Ephod Bad on Pesach Haggadah,0,0,10,0,0,0,שלחן עורך,0,0,Shachan Orech
Ephod Bad on Pesach Haggadah,0,0,11,0,0,0,צפון,0,0,Tzafun
Ephod Bad on Pesach Haggadah,0,0,12,0,0,0,ברך,0,0,Barech
Ephod Bad on Pesach Haggadah,0,0,13,0,0,0,הלל,0,0,Hallel
Ephod Bad on Pesach Haggadah,0,0,14,0,0,0,נרצה,0,0,Nerztah
Kimcha Davshuna on Pesach Haggadah,0,0,1,0,0,0,קדש,0,0,Kadesh
Kimcha Davshuna on Pesach Haggadah,0,0,2,0,0,0,ורחץ,0,0,U'Rechatz
Kimcha Davshuna on Pesach Haggadah,0,0,3,0,0,0,כרפס,0,0,Karpas
Kimcha Davshuna on Pesach Haggadah,0,0,4,0,0,0,יחץ,0,0,Yachatz
Kimcha Davshuna on Pesach Haggadah,0,0,5,0,0,0,מגיד,0,0,Maggid
Kimcha Davshuna on Pesach Haggadah,0,0,6,0,0,0,רחצה,0,0,Rachzah
Kimcha Davshuna on Pesach Haggadah,0,0,7,0,0,0,מוציא מצה,0,0,Motzi Matzah
Kimcha Davshuna on Pesach Haggadah,0,0,8,0,0,0,מרור,0,0,Marror
Kimcha Davshuna on Pesach Haggadah,0,0,9,0,0,0,כורך,0,0,Korech
Kimcha Davshuna on Pesach Haggadah,0,0,10,0,0,0,שלחן עורך,0,0,Shachan Orech
Kimcha Davshuna on Pesach Haggadah,0,0,11,0,0,0,צפון,0,0,Tzafun
Kimcha Davshuna on Pesach Haggadah,0,0,12,0,0,0,ברך,0,0,Barech
Kimcha Davshuna on Pesach Haggadah,0,0,13,0,0,0,הלל,0,0,Hallel
Kimcha Davshuna on Pesach Haggadah,0,0,14,0,0,0,נרצה,0,0,Nerztah
Kos Shel Eliyahu on Pesach Haggadah,0,0,1,0,0,0,קדש,0,0,Kadesh
Kos Shel Eliyahu on Pesach Haggadah,0,0,2,0,0,0,ורחץ,0,0,U'Rechatz
Kos Shel Eliyahu on Pesach Haggadah,0,0,3,0,0,0,כרפס,0,0,Karpas
Kos Shel Eliyahu on Pesach Haggadah,0,0,4,0,0,0,יחץ,0,0,Yachatz
Kos Shel Eliyahu on Pesach Haggadah,0,0,5,0,0,0,מגיד,0,0,Maggid
Kos Shel Eliyahu on Pesach Haggadah,0,0,6,0,0,0,רחצה,0,0,Rachzah
Kos Shel Eliyahu on Pesach Haggadah,0,0,7,0,0,0,מוציא מצה,0,0,Motzi Matzah
Kos Shel Eliyahu on Pesach Haggadah,0,0,8,0,0,0,מרור,0,0,Marror
Kos Shel Eliyahu on Pesach Haggadah,0,0,9,0,0,0,כורך,0,0,Korech
Kos Shel Eliyahu on Pesach Haggadah,0,0,10,0,0,0,שלחן עורך,0,0,Shachan Orech
Kos Shel Eliyahu on Pesach Haggadah,0,0,11,0,0,0,צפון,0,0,Tzafun
Kos Shel Eliyahu on Pesach Haggadah,0,0,12,0,0,0,ברך,0,0,Barech
Kos Shel Eliyahu on Pesach Haggadah,0,0,13,0,0,0,הלל,0,0,Hallel
Kos Shel Eliyahu on Pesach Haggadah,0,0,14,0,0,0,נרצה,0,0,Nerztah
Maarechet Heidenheim on Pesach Haggadah,0,0,1,0,0,0,קדש,0,0,Kadesh
Maarechet Heidenheim on Pesach Haggadah,0,0,2,0,0,0,ורחץ,0,0,U'Rechatz
Maarechet Heidenheim on Pesach Haggadah,0,0,3,0,0,0,כרפס,0,0,Karpas
Maarechet Heidenheim on Pesach Haggadah,0,0,4,0,0,0,יחץ,0,0,Yachatz
Maarechet Heidenheim on Pesach Haggadah,0,0,5,0,0,0,מגיד,0,0,Maggid
Maarechet Heidenheim on Pesach Haggadah,0,0,6,0,0,0,רחצה,0,0,Rachzah
Maarechet Heidenheim on Pesach Haggadah,0,0,7,0,0,0,מוציא מצה,0,0,Motzi Matzah
Maarechet Heidenheim on Pesach Haggadah,0,0,8,0,0,0,מרור,0,0,Marror
Maarechet Heidenheim on Pesach Haggadah,0,0,9,0,0,0,כורך,0,0,Korech
Maarechet Heidenheim on Pesach Haggadah,0,0,10,0,0,0,שלחן עורך,0,0,Shachan Orech
Maarechet Heidenheim on Pesach Haggadah,0,0,11,0,0,0,צפון,0,0,Tzafun
Maarechet Heidenheim on Pesach Haggadah,0,0,12,0,0,0,ברך,0,0,Barech
Maarechet Heidenheim on Pesach Haggadah,0,0,13,0,0,0,הלל,0,0,Hallel
Maarechet Heidenheim on Pesach Haggadah,0,0,14,0,0,0,נרצה,0,0,Nerztah
Maaseh Nissim on Pesach Haggadah,0,0,1,0,0,0,קדש,0,0,Kadesh
Maaseh Nissim on Pesach Haggadah,0,0,2,0,0,0,ורחץ,0,0,U'Rechatz
Maaseh Nissim on Pesach Haggadah,0,0,3,0,0,0,כרפס,0,0,Karpas
Maaseh Nissim on Pesach Haggadah,0,0,4,0,0,0,יחץ,0,0,Yachatz
Maaseh Nissim on Pesach Haggadah,0,0,5,0,0,0,מגיד,0,0,Maggid
Maaseh Nissim on Pesach Haggadah,0,0,6,0,0,0,רחצה,0,0,Rachzah
Maaseh Nissim on Pesach Haggadah,0,0,7,0,0,0,מוציא מצה,0,0,Motzi Matzah
Maaseh Nissim on Pesach Haggadah,0,0,8,0,0,0,מרור,0,0,Marror
Maaseh Nissim on Pesach Haggadah,0,0,9,0,0,0,כורך,0,0,Korech
Maaseh Nissim on Pesach Haggadah,0,0,10,0,0,0,שלחן עורך,0,0,Shachan Orech
Maaseh Nissim on Pesach Haggadah,0,0,11,0,0,0,צפון,0,0,Tzafun
Maaseh Nissim on Pesach Haggadah,0,0,12,0,0,0,ברך,0,0,Barech
Maaseh Nissim on Pesach Haggadah,0,0,13,0,0,0,הלל,0,0,Hallel
Maaseh Nissim on Pesach Haggadah,0,0,14,0,0,0,נרצה,0,0,Nerztah
Marbeh Lisaper on Pesach Haggadah,0,0,1,0,0,0,קדש,0,0,Kadesh
Marbeh Lisaper on Pesach Haggadah,0,0,2,0,0,0,ורחץ,0,0,U'Rechatz
Marbeh Lisaper on Pesach Haggadah,0,0,3,0,0,0,כרפס,0,0,Karpas
Marbeh Lisaper on Pesach Haggadah,0,0,4,0,0,0,יחץ,0,0,Yachatz
Marbeh Lisaper on Pesach Haggadah,0,0,5,0,0,0,מגיד,0,0,Maggid
Marbeh Lisaper on Pesach Haggadah,0,0,6,0,0,0,רחצה,0,0,Rachzah
Marbeh Lisaper on Pesach Haggadah,0,0,7,0,0,0,מוציא מצה,0,0,Motzi Matzah
Marbeh Lisaper on Pesach Haggadah,0,0,8,0,0,0,מרור,0,0,Marror
Marbeh Lisaper on Pesach Haggadah,0,0,9,0,0,0,כורך,0,0,Korech
Marbeh Lisaper on Pesach Haggadah,0,0,10,0,0,0,שלחן עורך,0,0,Shachan Orech
Marbeh Lisaper on Pesach Haggadah,0,0,11,0,0,0,צפון,0,0,Tzafun
Marbeh Lisaper on Pesach Haggadah,0,0,12,0,0,0,ברך,0,0,Barech
Marbeh Lisaper on Pesach Haggadah,0,0,13,0,0,0,הלל,0,0,Hallel
Marbeh Lisaper on Pesach Haggadah,0,0,14,0,0,0,נרצה,0,0,Nerztah
Naftali Seva Ratzon on Pesach Haggadah,0,0,1,0,0,0,קדש,0,0,Kadesh
Naftali Seva Ratzon on Pesach Haggadah,0,0,2,0,0,0,ורחץ,0,0,U'Rechatz
Naftali Seva Ratzon on Pesach Haggadah,0,0,3,0,0,0,כרפס,0,0,Karpas
Naftali Seva Ratzon on Pesach Haggadah,0,0,4,0,0,0,יחץ,0,0,Yachatz
Naftali Seva Ratzon on Pesach Haggadah,0,0,5,0,0,0,מגיד,0,0,Maggid
Naftali Seva Ratzon on Pesach Haggadah,0,0,6,0,0,0,רחצה,0,0,Rachzah
Naftali Seva Ratzon on Pesach Haggadah,0,0,7,0,0,0,מוציא מצה,0,0,Motzi Matzah
Naftali Seva Ratzon on Pesach Haggadah,0,0,8,0,0,0,מרור,0,0,Marror
Naftali Seva Ratzon on Pesach Haggadah,0,0,9,0,0,0,כורך,0,0,Korech
Naftali Seva Ratzon on Pesach Haggadah,0,0,10,0,0,0,שלחן עורך,0,0,Shachan Orech
Naftali Seva Ratzon on Pesach Haggadah,0,0,11,0,0,0,צפון,0,0,Tzafun
Naftali Seva Ratzon on Pesach Haggadah,0,0,12,0,0,0,ברך,0,0,Barech
Naftali Seva Ratzon on Pesach Haggadah,0,0,13,0,0,0,הלל,0,0,Hallel
Naftali Seva Ratzon on Pesach Haggadah,0,0,14,0,0,0,נרצה,0,0,Nerztah
Yismach Yisrael on Pesach Haggadah,0,0,1,0,0,0,קדש,0,0,Kadesh
Yismach Yisrael on Pesach Haggadah,0,0,2,0,0,0,ורחץ,0,0,U'Rechatz
Yismach Yisrael on Pesach Haggadah,0,0,3,0,0,0,כרפס,0,0,Karpas
Yismach Yisrael on Pesach Haggadah,0,0,4,0,0,0,יחץ,0,0,Yachatz
Yismach Yisrael on Pesach Haggadah,0,0,5,0,0,0,מגיד,0,0,Maggid
Yismach Yisrael on Pesach Haggadah,0,0,6,0,0,0,רחצה,0,0,Rachzah
Yismach Yisrael on Pesach Haggadah,0,0,7,0,0,0,מוציא מצה,0,0,Motzi Matzah
Yismach Yisrael on Pesach Haggadah,0,0,8,0,0,0,מרור,0,0,Marror
Yismach Yisrael on Pesach Haggadah,0,0,9,0,0,0,כורך,0,0,Korech
Yismach Yisrael on Pesach Haggadah,0,0,10,0,0,0,שלחן עורך,0,0,Shachan Orech
Yismach Yisrael on Pesach Haggadah,0,0,11,0,0,0,צפון,0,0,Tzafun
Yismach Yisrael on Pesach Haggadah,0,0,12,0,0,0,ברך,0,0,Barech
Yismach Yisrael on Pesach Haggadah,0,0,13,0,0,0,הלל,0,0,Hallel
Yismach Yisrael on Pesach Haggadah,0,0,14,0,0,0,נרצה,0,0,Nerztah
